domain_key,public_task,preserved_source_path,sha256
http_client,benchmark/tasks/http_client.md,experiments/http_client/prompts/solhttp_glm53_high_iter1_20260904.md,777bf15615361f4bd9e76200ea0bafc91097be203826b853e9221eed37ed80cb
date_time_timezone,benchmark/tasks/date_time_timezone.md,experiments/datetime_timezone/prompts/glm53_high_iter1_20260906.md,abbe9c723e2c54bcfca2d8f360caa8cda28e4c8a6901fa0215424f217c9ec363
url_iri,benchmark/tasks/url_iri.md,experiments/url_iri/prompts/solurl_gpt56sol_high_iter1_20260829.md,30a8ce86c0a489c46eb2544c212eefb68de95daafdaf5d51a37d4c35e1d35a54
html_sanitization,benchmark/tasks/html_sanitization.md,experiments/html_sanitizer/prompts/solsanitize_glm53_high_iter1_20260906.md,269b142498dd83fb6be98176f00b7688a20a9de766621475dcda82c724ca8065
markdown,benchmark/tasks/markdown.md,experiments/markdown/prompts/solmarkdown_glm53_high_iter1_20260906.md,ef732fea02f9a7b496e33cacc08b2d68f696114e2c669815c2f0c4737b79c5c3
yaml,benchmark/tasks/yaml.md,experiments/yaml/prompts/solyaml_gpt56sol_high_iter1_20260830.md,b02d6ff4dcdc6d33a90ba6188717973c5b816a3d2f3277d5c277b1539a593579
jwt,benchmark/tasks/jwt.md,experiments/jwt/prompts/soljwt_gpt56sol_high_iter1_20260830.md,d8dcf42504b3f3243403e21e3f903c7e3077a9a4e2992d178dd584baadb5b0c7
cron,benchmark/tasks/cron.md,experiments/cron/prompts/solcron_claude_glm53_high_iter1_20260907.md,54a8e202f1e731e45ff01bbb2b6dcd4115838594b593e145cba2f38d14c2f423
retry_resilience,benchmark/tasks/retry_resilience.md,experiments/resilience_policy/prompts/solretry_glm53_high_iter1_20260907.md,e162a2dfe50dc75c47e26414ea95e6191d6c3fda93d6ec0aee1553d54314ca1d
