domain,oss_order,oss_alias,project_identity,construction_role,language,ecosystem,selected_version_or_target,project_local_extracted_contracts_if_recoverable,latest_replay_mutant_survivors_if_recoverable,provenance_available,provenance_sources,extraction_summary_artifact,latest_validation_artifact,recoverable_maturity_indicators,independence_evidence_recoverable,independence_evidence_unavailable,selection_caveat
HTTP Client,1,urllib3,urllib3/urllib3,discovery/origin,Python,PyPI,2.7.0,233,,True,release notes; tests,contracts/urllib3/all_releases_maximal_language_independent.summary.json,contracts/urllib3/final_survival_lock.json,"{""latest_version_under_test"":""2.7.0"",""release_count"":110}",distinct repository identity; ecosystem/language shown where artifact or package manager makes it explicit,no repository-level fork/ownership/code-lineage analysis in benchmark artifacts,"ordering is a construction role, not a quality/popularity rank"
HTTP Client,2,okhttp,square/okhttp,discovery/origin,Kotlin/Java,Maven,5.5.0,304,292,True,release notes; tests,contracts/okhttp/okhttp_origin_excluding_common.summary.json,contracts/okhttp/okhttp_origin_latest_survivors.json,"{""latest_okhttp_version"":""5.5.0"",""release_count_scanned"":140,""release_count_with_contracts"":84}",distinct repository identity; ecosystem/language shown where artifact or package manager makes it explicit,no repository-level fork/ownership/code-lineage analysis in benchmark artifacts,"ordering is a construction role, not a quality/popularity rank"
HTTP Client,3,axios,axios/axios,discovery/origin,JavaScript,npm,1.19.0,,43,True,release notes; tests,contracts/axios/axios_origin_excluding_merged_common.summary.json,contracts/axios/axios_origin_latest_replay_mutant_verified.json,"{""latest_npm_version"":""1.19.0"",""latest_version"":""1.19.0"",""release_count_from_npm"":145,""release_count_with_notes"":107,""source_release_rows"":94}",distinct repository identity; ecosystem/language shown where artifact or package manager makes it explicit,no repository-level fork/ownership/code-lineage analysis in benchmark artifacts,"ordering is a construction role, not a quality/popularity rank"
HTTP Client,4,requests,psf/requests,confirmation/held-out then origin,Python,PyPI,2.32.5,,71,True,HISTORY.md; tests,,contracts/requests/requests_origin_excluding_common_114.json,"{""release_note_versions_scanned"":162,""source_release_notes"":"".replay/requests/HISTORY.md""}",distinct repository identity; ecosystem/language shown where artifact or package manager makes it explicit,no repository-level fork/ownership/code-lineage analysis in benchmark artifacts,"ordering is a construction role, not a quality/popularity rank"
HTTP Client,5,guzzle,guzzle/guzzle,confirmation/held-out then origin,PHP,Packagist,8.1.0,,91,True,CHANGELOG.md; tests,,contracts/guzzle/guzzle_origin_excluding_common_114.json,"{""release_note_versions_scanned"":109,""source_release_notes"":"".replay/guzzle/CHANGELOG.md""}",distinct repository identity; ecosystem/language shown where artifact or package manager makes it explicit,no repository-level fork/ownership/code-lineage analysis in benchmark artifacts,"ordering is a construction role, not a quality/popularity rank"
"Date, Time, and Time Zones",1,joda-time,JodaOrg/joda-time,discovery/origin,Java,Maven,2.14.3,244,244,True,release notes; SourceForge news; tests,contracts/datetime_timezone/joda-time/all_releases_maximal_language_independent.summary.json,contracts/datetime_timezone/joda-time/latest_replay_mutant_verified.json,"{""release_note_total"":558,""source_release_total_maven"":66,""summary.target_version"":""2.14.3""}",distinct repository identity; ecosystem/language shown where artifact or package manager makes it explicit,no repository-level fork/ownership/code-lineage analysis in benchmark artifacts,"ordering is a construction role, not a quality/popularity rank"
"Date, Time, and Time Zones",2,nodatime,nodatime/nodatime,discovery/origin,C#,NuGet,3.3.0,120,120,True,release notes; tests,contracts/datetime_timezone/nodatime/all_releases_excluding_joda_common.summary.json,contracts/datetime_timezone/nodatime/latest_replay_mutant_verified.json,"{""source_release_sections"":75,""summary.target_version"":""3.3.3""}",distinct repository identity; ecosystem/language shown where artifact or package manager makes it explicit,no repository-level fork/ownership/code-lineage analysis in benchmark artifacts,"ordering is a construction role, not a quality/popularity rank"
"Date, Time, and Time Zones",3,python-dateutil,dateutil/dateutil,discovery/origin,Python,PyPI,2.9.0.post0,85,85,True,NEWS/release sections; tests,contracts/datetime_timezone/python-dateutil/all_releases_excluding_merged_343.summary.json,contracts/datetime_timezone/python-dateutil/latest_replay_mutant_verified.json,"{""source_release_sections"":32,""summary.target_version"":""2.9.0.post0""}",distinct repository identity; ecosystem/language shown where artifact or package manager makes it explicit,no repository-level fork/ownership/code-lineage analysis in benchmark artifacts,"ordering is a construction role, not a quality/popularity rank"
"Date, Time, and Time Zones",4,carbon,briannesbitt/Carbon,confirmation/held-out then origin,PHP,Packagist,3.13.2,100,100,True,GitHub releases; tests,contracts/datetime_timezone/carbon/origin_latest_replay_mutant_verified.summary.json,,"{""source_stats.git_tags_seen"":270,""source_stats.github_release_records_cached"":100}",distinct repository identity; ecosystem/language shown where artifact or package manager makes it explicit,no repository-level fork/ownership/code-lineage analysis in benchmark artifacts,"ordering is a construction role, not a quality/popularity rank"
"Date, Time, and Time Zones",5,date-fns,date-fns/date-fns + @date-fns/tz,confirmation/held-out then origin,JavaScript,npm,4.4.0 + 1.5.0,113,113,True,changelog; Git tags; tests,contracts/datetime_timezone/date-fns/origin_latest_replay_mutant_verified.summary.json,,"{""source_stats.core_changelog_releases_seen"":44,""source_stats.git_tags_seen"":213,""source_stats.tz_changelog_releases_seen"":11}",distinct repository identity; ecosystem/language shown where artifact or package manager makes it explicit,no repository-level fork/ownership/code-lineage analysis in benchmark artifacts,"ordering is a construction role, not a quality/popularity rank"
URL and IRI Processing,1,whatwg-url,jsdom/whatwg-url,discovery/origin,JavaScript,npm,17.1.0,132,128,True,GitHub releases; WPT-derived behavior,contracts/url_iri/whatwg-url/all_releases_maximal_language_independent.summary.json,contracts/url_iri/whatwg-url/latest_replay_mutant_verified.json,"{""latest_version"":""17.1.0"",""source_releases_with_notes"":57,""source_versions_npm"":72}",distinct repository identity; ecosystem/language shown where artifact or package manager makes it explicit,no repository-level fork/ownership/code-lineage analysis in benchmark artifacts,"ordering is a construction role, not a quality/popularity rank"
URL and IRI Processing,2,rust-url,servo/rust-url,discovery/origin,Rust,crates.io,2.5.8,1644,1522,True,GitHub releases; bundled WPT; upgrade guides,contracts/url_iri/rust-url/all_releases_maximal_language_independent.summary.json,contracts/url_iri/rust-url/latest_replay_mutant_verified.json,"{""latest_crate_version"":""2.5.8"",""latest_version"":""2.5.8"",""source_github_release_notes_with_body"":9,""source_versions_crates_io"":89}",distinct repository identity; ecosystem/language shown where artifact or package manager makes it explicit,no repository-level fork/ownership/code-lineage analysis in benchmark artifacts,"ordering is a construction role, not a quality/popularity rank"
URL and IRI Processing,3,yarl,aio-libs/yarl,discovery/origin,Python,PyPI,1.24.5,232,232,True,changelog; GitHub releases; tests,contracts/url_iri/yarl/all_releases_maximal_language_independent.summary.json,contracts/url_iri/yarl/latest_replay_mutant_verified.json,"{""latest_version"":""1.24.5"",""latest_version_target"":""1.24.5"",""release_source.changelog_version_sections"":119,""release_source.github_releases_with_body"":91,""release_source.pypi_versions"":138}",distinct repository identity; ecosystem/language shown where artifact or package manager makes it explicit,no repository-level fork/ownership/code-lineage analysis in benchmark artifacts,"ordering is a construction role, not a quality/popularity rank"
URL and IRI Processing,4,ada-url,ada-url/ada,confirmation/held-out then origin,C++,GitHub releases,4.0.0,160,160,True,GitHub releases; tags; tests,contracts/url_iri/ada-url/all_releases_maximal_language_independent.summary.json,contracts/url_iri/ada-url/latest_replay_mutant_verified.json,"{""latest_version"":""4.0.0"",""latest_version_target"":""4.0.0"",""release_source.github_releases"":61,""release_source.github_tags"":62}",distinct repository identity; ecosystem/language shown where artifact or package manager makes it explicit,no repository-level fork/ownership/code-lineage analysis in benchmark artifacts,"ordering is a construction role, not a quality/popularity rank"
URL and IRI Processing,5,curl,curl/curl libcurl URL API,confirmation/held-out then origin,C,curl releases,8.21.0,158,158,True,release notes; URL API tests,contracts/url_iri/curl/all_releases_maximal_language_independent.summary.json,contracts/url_iri/curl/latest_replay_mutant_verified.json,"{""latest_version"":""8.21.0"",""release_note_urlapi_items"":135,""release_tags_inspected"":196}",distinct repository identity; ecosystem/language shown where artifact or package manager makes it explicit,no repository-level fork/ownership/code-lineage analysis in benchmark artifacts,"ordering is a construction role, not a quality/popularity rank"
HTML Sanitization,1,dompurify,cure53/DOMPurify,discovery/origin,JavaScript,npm,3.4.14,787,606,True,GitHub release notes; security fixtures; tests,contracts/html_sanitizer/dompurify/all_releases_maximal_language_independent.summary.json,contracts/html_sanitizer/dompurify/latest_replay_mutant_verified.json,"{""git_tags"":151,""github_releases"":148,""latest_version"":""3.4.14"",""npm_versions"":151,""versions_with_matching_tags_inspected"":148}",distinct repository identity; ecosystem/language shown where artifact or package manager makes it explicit,no repository-level fork/ownership/code-lineage analysis in benchmark artifacts,"ordering is a construction role, not a quality/popularity rank"
HTML Sanitization,2,java-html-sanitizer,OWASP/java-html-sanitizer,discovery/origin,Java,Maven,20260313.1,372,367,True,release tags; tests,contracts/html_sanitizer/java-html-sanitizer/all_releases_excluding_dompurify.summary.json,contracts/html_sanitizer/java-html-sanitizer/latest_replay_mutant_verified.json,"{""git_tags"":28,""latest_version"":""20260313.1"",""maven_versions"":42,""versions_with_matching_tags_inspected"":27}",distinct repository identity; ecosystem/language shown where artifact or package manager makes it explicit,no repository-level fork/ownership/code-lineage analysis in benchmark artifacts,"ordering is a construction role, not a quality/popularity rank"
HTML Sanitization,3,jsoup,jsoup/jsoup,discovery/origin,Java,Maven,1.23.2,115,90,True,release tags; Cleaner tests,contracts/html_sanitizer/jsoup/all_releases_excluding_prior.summary.json,contracts/html_sanitizer/jsoup/latest_replay_mutant_verified.json,"{""git_tags"":63,""latest_version"":""1.23.2"",""maven_versions"":56,""release_points_considered"":63,""release_points_inspected"":62,""versions_with_matching_tags_inspected"":62}",distinct repository identity; ecosystem/language shown where artifact or package manager makes it explicit,no repository-level fork/ownership/code-lineage analysis in benchmark artifacts,"ordering is a construction role, not a quality/popularity rank"
HTML Sanitization,4,bleach,mozilla/bleach,confirmation/held-out then origin,Python,PyPI,6.4.0,347,347,True,Git tags; PyPI releases; tests,contracts/html_sanitizer/bleach/all_releases_origin_extraction.summary.json,contracts/html_sanitizer/bleach/latest_replay_mutant_verified.json,"{""git_tags"":64,""latest_version"":""6.4.0"",""pypi_releases"":61,""tagged_releases_inspected"":55}",distinct repository identity; ecosystem/language shown where artifact or package manager makes it explicit,no repository-level fork/ownership/code-lineage analysis in benchmark artifacts,"ordering is a construction role, not a quality/popularity rank"
HTML Sanitization,5,sanitize-html,apostrophecms/sanitize-html,confirmation/held-out then origin,JavaScript,npm,2.17.7,154,154,True,Git tags; npm releases; tests,contracts/html_sanitizer/sanitize-html/all_releases_origin_extraction.summary.json,contracts/html_sanitizer/sanitize-html/latest_replay_mutant_verified.json,"{""git_tags"":55,""latest_version"":""2.17.7"",""npm_versions"":126,""tagged_releases_inspected"":55}",distinct repository identity; ecosystem/language shown where artifact or package manager makes it explicit,no repository-level fork/ownership/code-lineage analysis in benchmark artifacts,"ordering is a construction role, not a quality/popularity rank"
Markdown Parsing and Rendering,1,markdown-it,markdown-it/markdown-it,discovery/origin,JavaScript,npm,15.0.1,1278,1051,True,release tags; CommonMark/fixture tests,contracts/markdown/markdown-it/all_releases_maximal_language_independent.summary.json,contracts/markdown/markdown-it/latest_replay_mutant_verified.json,"{""git_tags"":85,""latest_version"":""15.0.1"",""npm_versions"":85,""versions_with_matching_tags_inspected"":85}",distinct repository identity; ecosystem/language shown where artifact or package manager makes it explicit,no repository-level fork/ownership/code-lineage analysis in benchmark artifacts,"ordering is a construction role, not a quality/popularity rank"
Markdown Parsing and Rendering,2,pulldown-cmark,pulldown-cmark/pulldown-cmark,discovery/origin,Rust,crates.io,0.13.4,575,528,True,release tags; tests,contracts/markdown/pulldown-cmark/all_releases_excluding_markdown_it.summary.json,contracts/markdown/pulldown-cmark/latest_replay_mutant_verified.json,"{""crates_versions"":50,""git_tags"":49,""latest_version"":""0.13.4"",""release_points_inspected"":50}",distinct repository identity; ecosystem/language shown where artifact or package manager makes it explicit,no repository-level fork/ownership/code-lineage analysis in benchmark artifacts,"ordering is a construction role, not a quality/popularity rank"
Markdown Parsing and Rendering,3,goldmark,yuin/goldmark,discovery/origin,Go,Go modules,2.0.0,221,192,True,release tags; render tests,contracts/markdown/goldmark/all_releases_excluding_prior_markdown.summary.json,contracts/markdown/goldmark/latest_replay_mutant_verified.json,"{""git_tags"":118,""latest_version"":""2.0.0"",""release_points_inspected"":116,""semver_release_tags"":116}",distinct repository identity; ecosystem/language shown where artifact or package manager makes it explicit,no repository-level fork/ownership/code-lineage analysis in benchmark artifacts,"ordering is a construction role, not a quality/popularity rank"
Markdown Parsing and Rendering,4,commonmark.js,commonmark/commonmark.js,confirmation/held-out then origin,JavaScript,npm,0.31.2,766,740,True,npm versions; CommonMark spec tests,contracts/markdown/commonmark-js/all_releases_origin_extracted.summary.json,contracts/markdown/commonmark-js/latest_replay_mutant_verified.json,"{""latest_version"":""0.31.2"",""matched_release_tags"":29,""npm_versions"":29,""releases_with_contracts"":15}",distinct repository identity; ecosystem/language shown where artifact or package manager makes it explicit,no repository-level fork/ownership/code-lineage analysis in benchmark artifacts,"ordering is a construction role, not a quality/popularity rank"
Markdown Parsing and Rendering,5,marked,markedjs/marked,confirmation/held-out then origin,JavaScript,npm,18.0.11,1105,703,True,npm versions; release tags; tests,contracts/markdown/marked/all_releases_origin_extracted.summary.json,contracts/markdown/marked/latest_replay_mutant_verified.json,"{""latest_version"":""18.0.11"",""matched_release_tags"":218,""npm_versions"":222,""releases_with_contracts"":213}",distinct repository identity; ecosystem/language shown where artifact or package manager makes it explicit,no repository-level fork/ownership/code-lineage analysis in benchmark artifacts,"ordering is a construction role, not a quality/popularity rank"
YAML Parsing and Emission,1,pyyaml,yaml/pyyaml,discovery/origin,Python,PyPI,6.0.3,932,926,True,PyPI releases; tagged fixtures; tests,contracts/yaml/pyyaml/all_releases_language_independent.summary.json,contracts/yaml/pyyaml/latest_replay_mutant_verified.json,"{""inspected_releases"":39,""latest_version"":""6.0.3"",""pypi_releases"":40,""pyyaml_runtime_version"":""6.0.3"",""releases_with_matching_git_tags"":39}",distinct repository identity; ecosystem/language shown where artifact or package manager makes it explicit,no repository-level fork/ownership/code-lineage analysis in benchmark artifacts,"ordering is a construction role, not a quality/popularity rank"
YAML Parsing and Emission,2,eemeli-yaml,eemeli/yaml,discovery/origin,JavaScript,npm,2.9.0,1472,1472,True,npm versions; YAML Test Suite; JSON Test Suite,contracts/yaml/eemeli-yaml/all_releases_excluding_pyyaml.summary.json,contracts/yaml/eemeli-yaml/latest_replay_mutant_verified.json,"{""latest_version"":""2.9.0"",""npm_versions"":103,""runtime_version"":""2.9.0"",""versions_with_matching_git_tags"":94}",distinct repository identity; ecosystem/language shown where artifact or package manager makes it explicit,no repository-level fork/ownership/code-lineage analysis in benchmark artifacts,"ordering is a construction role, not a quality/popularity rank"
YAML Parsing and Emission,3,go-yaml,go-yaml/yaml,discovery/origin,Go,Go modules,v3.0.1,184,178,True,Git tags; Go tests,contracts/yaml/go-yaml/all_releases_excluding_pyyaml_eemeli.summary.json,contracts/yaml/go-yaml/latest_replay_mutant_verified.json,"{""git_tags"":16,""latest_version"":""3.0.1"",""runtime_version"":""v3.0.1""}",distinct repository identity; ecosystem/language shown where artifact or package manager makes it explicit,no repository-level fork/ownership/code-lineage analysis in benchmark artifacts,"ordering is a construction role, not a quality/popularity rank"
YAML Parsing and Emission,4,js-yaml,nodeca/js-yaml,confirmation/held-out then origin,JavaScript,npm,5.4.1,636,633,True,release source; fixtures; tests,contracts/yaml/js-yaml/all_releases_excluding_common_1172.summary.json,contracts/yaml/js-yaml/latest_replay_mutant_verified.json,"{""latest_version"":""5.4.1"",""releases_enumerated"":90,""releases_with_extractable_source"":90,""summary.latest_version"":""5.4.1"",""summary.runtime_version"":""5.4.1""}",distinct repository identity; ecosystem/language shown where artifact or package manager makes it explicit,no repository-level fork/ownership/code-lineage analysis in benchmark artifacts,"ordering is a construction role, not a quality/popularity rank"
YAML Parsing and Emission,5,ruamel-yaml,ruamel.yaml,confirmation/held-out then origin,Python,PyPI,0.19.1,553,511,True,PyPI releases; Git mirror tags; fixtures,contracts/yaml/ruamel-yaml/all_releases_excluding_common_1172.summary.json,contracts/yaml/ruamel-yaml/latest_replay_mutant_verified.json,"{""latest_version"":""0.19.1"",""pypi_releases_observed"":273,""releases_enumerated"":234,""releases_with_extractable_source"":234,""summary.latest_version"":""0.19.1"",""summary.runtime_version"":""0.19.1""}",distinct repository identity; ecosystem/language shown where artifact or package manager makes it explicit,no repository-level fork/ownership/code-lineage analysis in benchmark artifacts,"ordering is a construction role, not a quality/popularity rank"
JWT Signing and Verification,1,java-jwt,auth0/java-jwt,discovery/origin,Java,Maven,4.6.0,332,322,True,release tags; tests,contracts/jwt/auth0-java-jwt/all_releases_language_independent.summary.json,contracts/jwt/auth0-java-jwt/latest_replay_mutant_verified.json,"{""git_tags"":62,""latest_version"":""4.6.0"",""maven_metadata"":""https://repo1.maven.org/maven2/com/auth0/java-jwt/maven-metadata.xml"",""maven_versions"":61,""version"":""4.6.0""}",distinct repository identity; ecosystem/language shown where artifact or package manager makes it explicit,no repository-level fork/ownership/code-lineage analysis in benchmark artifacts,"ordering is a construction role, not a quality/popularity rank"
JWT Signing and Verification,2,pyjwt,jpadilla/pyjwt,discovery/origin,Python,PyPI,2.13.0,209,200,True,release tags; tests,contracts/jwt/pyjwt/all_releases_language_independent.summary.json,contracts/jwt/pyjwt/latest_replay_mutant_verified.json,"{""git_tags"":49,""latest_version"":""2.13.0"",""pypi_metadata"":""https://pypi.org/pypi/PyJWT/json"",""pypi_releases"":55,""version"":""2.13.0""}",distinct repository identity; ecosystem/language shown where artifact or package manager makes it explicit,no repository-level fork/ownership/code-lineage analysis in benchmark artifacts,"ordering is a construction role, not a quality/popularity rank"
JWT Signing and Verification,3,node-jsonwebtoken,auth0/node-jsonwebtoken,discovery/origin,JavaScript,npm,9.0.3,517,517,True,release tags; tests,contracts/jwt/node-jsonwebtoken/all_releases_language_independent.summary.json,contracts/jwt/node-jsonwebtoken/latest_replay_mutant_verified.json,"{""git_tags"":75,""latest_version"":""9.0.3"",""npm_metadata"":""https://registry.npmjs.org/jsonwebtoken"",""npm_releases"":82,""version"":""9.0.3""}",distinct repository identity; ecosystem/language shown where artifact or package manager makes it explicit,no repository-level fork/ownership/code-lineage analysis in benchmark artifacts,"ordering is a construction role, not a quality/popularity rank"
JWT Signing and Verification,4,golang-jwt,golang-jwt/jwt,confirmation/held-out then origin,Go,Go modules,v5.3.1,227,226,True,release tags; tests,contracts/jwt/golang-jwt/all_releases_language_independent.summary.json,contracts/jwt/golang-jwt/latest_replay_mutant_verified.json,"{""git_tags"":37,""latest_version"":""v5.3.1"",""version"":""v5.3.1""}",distinct repository identity; ecosystem/language shown where artifact or package manager makes it explicit,no repository-level fork/ownership/code-lineage analysis in benchmark artifacts,"ordering is a construction role, not a quality/popularity rank"
JWT Signing and Verification,5,nimbus-jose-jwt,connect2id/nimbus-jose-jwt,confirmation/held-out then origin,Java,Maven,10.9.1,357,357,True,release tags; tests,contracts/jwt/nimbus-jose-jwt/all_releases_language_independent.summary.json,contracts/jwt/nimbus-jose-jwt/latest_replay_mutant_verified.json,"{""git_tags"":318,""latest_version"":""10.9.1"",""version"":""10.9.1""}",distinct repository identity; ecosystem/language shown where artifact or package manager makes it explicit,no repository-level fork/ownership/code-lineage analysis in benchmark artifacts,"ordering is a construction role, not a quality/popularity rank"
Cron and Schedule Expressions,1,cron-parser,harrisiirak/cron-parser,discovery/origin,JavaScript,npm,5.10.0,277,277,True,release notes; tests,contracts/cron/cron-parser/all_releases_maximal_language_independent.summary.json,contracts/cron/cron-parser/latest_replay_mutant_verified.json,"{""latest_version"":""5.10.0"",""release_note_versions_seen"":92,""releases_with_extracted_contracts"":54}",distinct repository identity; ecosystem/language shown where artifact or package manager makes it explicit,no repository-level fork/ownership/code-lineage analysis in benchmark artifacts,"ordering is a construction role, not a quality/popularity rank"
Cron and Schedule Expressions,2,cron-utils,jmrozanec/cron-utils,discovery/origin,Java,Maven,9.2.1,,331,True,GitHub releases; tests,contracts/cron/cron-utils/latest_replay_mutant_verified.summary.json,contracts/cron/cron-utils/latest_replay_mutant_verified.json,"{""github_releases_seen"":42,""latest_release_tested"":""9.2.1""}",distinct repository identity; ecosystem/language shown where artifact or package manager makes it explicit,no repository-level fork/ownership/code-lineage analysis in benchmark artifacts,"ordering is a construction role, not a quality/popularity rank"
Cron and Schedule Expressions,3,croniter,pallets-eco/croniter,discovery/origin,Python,PyPI,6.2.4,,274,True,changelog; Git tags; PyPI releases; tests,contracts/cron/croniter/latest_replay_mutant_verified.summary.json,contracts/cron/croniter/latest_replay_mutant_verified.json,"{""changelog_releases_seen"":86,""git_tags_seen"":95,""latest_release_tested"":""6.2.4"",""pypi_releases_seen"":106,""releases_with_extracted_contracts"":30}",distinct repository identity; ecosystem/language shown where artifact or package manager makes it explicit,no repository-level fork/ownership/code-lineage analysis in benchmark artifacts,"ordering is a construction role, not a quality/popularity rank"
Cron and Schedule Expressions,4,cron-expression,dragonmantank/cron-expression,confirmation/held-out then origin,PHP,Packagist,3.6.0,257,257,True,changelog; GitHub releases; Packagist versions,contracts/cron/dragonmantank-cron-expression/latest_replay_mutant_verified.summary.json,contracts/cron/dragonmantank-cron-expression/latest_replay_mutant_verified.json,"{""changelog_release_count"":20,""git_tag_count"":29,""github_release_count"":17,""packagist_stable_version_count"":29}",distinct repository identity; ecosystem/language shown where artifact or package manager makes it explicit,no repository-level fork/ownership/code-lineage analysis in benchmark artifacts,"ordering is a construction role, not a quality/popularity rank"
Cron and Schedule Expressions,5,fugit,floraison/fugit,confirmation/held-out then origin,Ruby,RubyGems,1.13.0,359,359,True,changelog; Git tags; RubyGems versions,contracts/cron/fugit/latest_replay_mutant_verified.summary.json,contracts/cron/fugit/latest_replay_mutant_verified.json,"{""changelog_release_count"":61,""git_tag_count"":61,""rubygems_stable_version_count"":61}",distinct repository identity; ecosystem/language shown where artifact or package manager makes it explicit,no repository-level fork/ownership/code-lineage analysis in benchmark artifacts,"ordering is a construction role, not a quality/popularity rank"
"Retry, Backoff, and Resilience Policies",1,resilience4j,resilience4j/resilience4j,discovery/origin,Java,Maven,2.4.0,168,168,True,GitHub releases; Maven versions; tests,contracts/resilience_policy/resilience4j/all_releases_maximal_language_independent.summary.json,contracts/resilience_policy/resilience4j/latest_replay_mutant_verified.json,"{""github_releases_seen"":36,""maven_versions_seen"":32,""summary.github_releases_seen"":36,""summary.maven_versions_seen"":32}",distinct repository identity; ecosystem/language shown where artifact or package manager makes it explicit,no repository-level fork/ownership/code-lineage analysis in benchmark artifacts,"ordering is a construction role, not a quality/popularity rank"
"Retry, Backoff, and Resilience Policies",2,failsafe,failsafe-lib/failsafe,discovery/origin,Java,Maven,3.3.2,112,112,True,changelog; Maven versions; tests,contracts/resilience_policy/failsafe/all_releases_excluding_prior.summary.json,contracts/resilience_policy/failsafe/latest_replay_mutant_verified.json,"{""changelog_release_sections_seen"":54,""maven_versions_seen"":46,""summary.changelog_release_sections_seen"":54,""summary.maven_versions_seen"":46}",distinct repository identity; ecosystem/language shown where artifact or package manager makes it explicit,no repository-level fork/ownership/code-lineage analysis in benchmark artifacts,"ordering is a construction role, not a quality/popularity rank"
"Retry, Backoff, and Resilience Policies",3,backoff,litl/backoff,discovery/origin,Python,PyPI,2.2.1,84,84,True,changelog; PyPI releases; tests,contracts/resilience_policy/backoff/all_releases_excluding_prior.summary.json,contracts/resilience_policy/backoff/latest_replay_mutant_verified.json,"{""changelog_sections_seen"":33,""github_releases_seen"":27,""pypi_releases_seen"":37,""summary.changelog_sections_seen"":33,""summary.github_releases_seen"":27,""summary.pypi_releases_seen"":37}",distinct repository identity; ecosystem/language shown where artifact or package manager makes it explicit,no repository-level fork/ownership/code-lineage analysis in benchmark artifacts,"ordering is a construction role, not a quality/popularity rank"
"Retry, Backoff, and Resilience Policies",4,exponential-backoff,coveooss/exponential-backoff,confirmation/held-out then origin,JavaScript,npm,3.1.3,84,84,True,GitHub releases; npm versions; tests,contracts/resilience_policy/exponential-backoff/all_releases_excluding_prior.summary.json,contracts/resilience_policy/exponential-backoff/latest_replay_mutant_verified.json,"{""github_releases_seen"":1,""npm_versions_seen"":18,""summary.github_releases_seen"":1,""summary.npm_versions_seen"":18}",distinct repository identity; ecosystem/language shown where artifact or package manager makes it explicit,no repository-level fork/ownership/code-lineage analysis in benchmark artifacts,"ordering is a construction role, not a quality/popularity rank"
"Retry, Backoff, and Resilience Policies",5,async-retry,vercel/async-retry,confirmation/held-out then origin,JavaScript,npm,latest target recorded in replay artifact,80,80,True,GitHub releases; npm versions; tests,contracts/resilience_policy/async-retry/all_releases_excluding_prior.summary.json,contracts/resilience_policy/async-retry/latest_replay_mutant_verified.json,"{""github_releases_seen"":18,""npm_versions_seen"":18,""summary.github_releases_seen"":18,""summary.npm_versions_seen"":18}",distinct repository identity; ecosystem/language shown where artifact or package manager makes it explicit,no repository-level fork/ownership/code-lineage analysis in benchmark artifacts,"ordering is a construction role, not a quality/popularity rank"
